Űrlap	05/A	05/A	05/A	05/A	05/A	05/A	05/A	05/A	05/A	05/A	05/A	05/A	05/A	05/A	05/A	05/A	05/A	05/A	05/A	05/A	05/A	05/A	05/A	05/A	05/A	05/A	05/A	05/A	05/A	05/A	05/A	05/A	05/A	05/A	05/A	05/A	05/A	05/A	05/A	05/A	05/A	05/A	05/A	05/A	05/A	05/A	05/A	05/A	05/A	05/A	05/A	05/A	05/A	05/A	05/A	05/A	05/A	05/A	05/A	05/A	05/A	05/A	05/A	05/A	05/A	05/A	05/A	05/A	05/A	05/A	05/A	05/A	05/A	05/A	05/A	05/A	05/A	05/A	05/A	05/A	05/A	05/A	05/A	05/A	05/A	05/A	05/A	05/A	05/A	05/A	05/A	05/A	05/A	05/A	05/A	05/A	05/A	05/A	05/A	05/A	05/A	05/A	05/A	05/A	05/A	05/A	05/A	05/A	05/A	05/A	05/A	05/A	05/A	05/A	05/A	05/A	05/A
Megnevezés	1 Törvény szerinti illetmények munkabérek K1101 	2 Normatív jutalmak K1102 	3 Céljuttatás projektprémium K1103 	4 Készenléti ügyeleti helyettesítési díj túlóra túlszolgálat K1104 	5 Végkielégítés K1105 	6 Jubileumi jutalom K1106 	7 Béren kívüli juttatások K1107 	8 Ruházati költségtérítés K1108 	9 Közlekedési költségtérítés K1109 	10 Egyéb költségtérítések K1110 	11 Lakhatási támogatások K1111 	12 Szociális támogatások K1112 	13 Foglalkoztatottak egyéb személyi juttatásai 14 K1113 	15 Foglalkoztatottak személyi juttatásai 01 13 K11 	16 Választott tisztségviselők juttatásai K121 	17 Munkavégzésre irányuló egyéb jogviszonyban nem saját foglalkoztatottnak fizetett juttatások K122 	18 Egyéb külső személyi juttatások K123 	19 Külső személyi juttatások 16 17 18 K12 	20 Személyi juttatások összesen 15 19 K1 	21 Munkaadókat terhelő járulékok és szociális hozzájárulási adó 22 28 K2 	22 ebből szociális hozzájárulási adó K2 	23 ebből rehabilitációs hozzájárulás K2 	24 ebből korkedvezmény biztosítási járulék K2 	25 ebből egészségügyi hozzájárulás K2 	26 ebből táppénz hozzájárulás K2 	28 ebből munkáltatót terhelő személyi jövedelemadó K2 	29 Szakmai anyagok beszerzése K311 	30 Üzemeltetési anyagok beszerzése K312 	32 Készletbeszerzés 29 30 31 K31 	33 Informatikai szolgáltatások igénybevétele K321 	34 Egyéb kommunikációs szolgáltatások K322 	35 Kommunikációs szolgáltatások 33 34 K32 	36 Közüzemi díjak K331 	37 Vásárolt élelmezés K332 	38 Bérleti és lízing díjak 39 K333 	40 Karbantartási kisjavítási szolgáltatások K334 	41 Közvetített szolgáltatások 42 K335 	42 ebből államháztartáson belül K335 	43 Szakmai tevékenységet segítő szolgáltatások K336 	44 Egyéb szolgáltatások K337 	45 Szolgáltatási kiadások 36 37 38 40 41 43 44 K33 	46 Kiküldetések kiadásai K341 	47 Reklám és propagandakiadások K342 	48 Kiküldetések reklám és propagandakiadások 46 47 K34 	49 Működési célú előzetesen felszámított általános forgalmi adó K351 	50 Fizetendő általános forgalmi adó K352 	51 Kamatkiadások 52 53 K353 	54 Egyéb pénzügyi műveletek kiadásai 55 57 K354 	55 ebből valuta deviza eszközök realizált árfolyamvesztesége K354 	58 Egyéb dologi kiadások K355 	59 Különféle befizetések és egyéb dologi kiadások 49 50 51 54 58 K35 	60 Dologi kiadások 32 35 45 48 59 K3 	62 Családi támogatások 63 73 K42 	72 ebből óvodáztatási támogatás Gyvt 20 C K42 	73 ebből az egyéb pénzbeli és természetbeni gyermekvédelmi támogatások K42 	74 Pénzbeli kárpótlások kártérítések K43 	75 Betegséggel kapcsolatos nem társadalombiztosítási ellátások 76 82 K44 	82 ebből helyi megállapítású közgyógyellátás Szoctv 50 3 bek K44 	83 Foglalkoztatással munkanélküliséggel kapcsolatos ellátások 84 92 K45 	91 ebből foglalkoztatást helyettesítő támogatás Szoctv 35 1 bek K45 	93 Lakhatással kapcsolatos ellátások 94 99 K46 	96 ebből lakásfenntartási támogatás Szoctv 38 1 bek a és b pontok K46 	97 ebből adósságcsökkentési támogatás Szoctv 55 A 1 bek b pont K46 	100 Intézményi ellátottak pénzbeli juttatásai 101 102 K47 	102 ebből oktatásban résztvevők pénzbeli juttatásai K47 	103 Egyéb nem intézményi ellátások 104 126 K48 	118 ebből rendszeres szociális segély Szoctv 37 1 bek a d pontok K48 	120 ebből egyéb az önkormányzat rendeletében megállapított juttatás K48 	122 ebből átmeneti segély Szoctv 47 1 bek c pont K48 	123 ebből köztemetés Szoctv 48 K48 	127 Ellátottak pénzbeli juttatásai 61 62 74 75 83 93 100 103 K4 	130 Elvonások és befizetések K502 	154 Egyéb működési célú támogatások államháztartáson belülre 155 164 K506 	155 ebből központi költségvetési szervek K506 	163 ebből nemzetiségi önkormányzatok és költségvetési szerveik K506 	167 Működési célú visszatérítendő támogatások kölcsönök nyújtása államháztartáson kívülre 168 178 K508 	170 ebből egyéb civil szervezetek K508 	181 Egyéb működési célú támogatások államháztartáson kívülre 182 192 K511 	182 ebből egyházi jogi személyek K511 	184 ebből egyéb civil szervezetek K511 	185 ebből háztartások K511 	188 ebből önkormányzati többségi tulajdonú nem pénzügyi vállalkozások K511 	194 Egyéb működési célú kiadások 128 130 131 132 143 154 165 167 179 180 181 193 K5 	195 Immateriális javak beszerzése létesítése K61 	196 Ingatlanok beszerzése létesítése 197 K62 	198 Informatikai eszközök beszerzése létesítése K63 	199 Egyéb tárgyi eszközök beszerzése létesítése K64 	202 Beruházási célú előzetesen felszámított általános forgalmi adó K67 	203 Beruházások 195 196 198 202 K6 	204 Ingatlanok felújítása K71 	206 Egyéb tárgyi eszközök felújítása K73 	207 Felújítási célú előzetesen felszámított általános forgalmi adó K74 	208 Felújítások 204 207 K7 	221 Felhalmozási célú visszatérítendő támogatások kölcsönök törlesztése államháztartáson belülre 222 231 K83 	222 ebből központi költségvetési szervek K83 	232 Egyéb felhalmozási célú támogatások államháztartáson belülre 233 242 K84 	233 ebből központi költségvetési szervek K84 	239 ebből helyi önkormányzatok és költségvetési szerveik K84 	245 Felhalmozási célú visszatérítendő támogatások kölcsönök nyújtása államháztartáson kívülre 246 256 K86 	249 ebből háztartások K86 	258 Egyéb felhalmozási célú támogatások államháztartáson kívülre 259 269 K88 	259 ebből egyházi jogi személyek K88 	261 ebből egyéb civil szervezetek K88 	262 ebből háztartások K88 	265 ebből önkormányzati többségi tulajdonú nem pénzügyi vállalkozások K88 	270 Egyéb felhalmozási célú kiadások 209 210 221 232 243 245 257 258 K8 	271 Költségvetési kiadások 20 21 60 127 194 203 208 270 K1 K8 	272 Hosszú lejáratú hitelek kölcsönök törlesztése 273 274 K9111 	273 ebből pénzügyi vállalkozás K9111 	279 Hitel kölcsöntörlesztés államháztartáson kívülre 272 275 276 K911 	293 Központi irányító szervi támogatások folyósítása K915 	297 Belföldi finanszírozás kiadásai 279 290 296 K91 	309 Finanszírozási kiadások 297 307 308 K9 	310 Kiadások összesen 271 309 K1 K9 	311 Kapacitásmutató 1 68 2013 XII 29 NGM r 6 2 bek 	312 Kapacitásmutató 2 68 2013 XII 29 NGM r 6 2 bek 	313 Feladatmutató 68 2013 XII 29 NGM r 6 1 bek 
011130 Önkormányzatok és önkormányzati hivatalok jogalkotó és általános igazgatási tevékenysége	668793	111524	40148	1272	6795	4021	36969	0	4312	1123	1259	806	16353	893375	51460	18751	44752	114963	1008338	268766	230833	10127	0	16827	1128	9851	9419	30622	40041	81906	9969	91875	29810	0	6112	39119	0	0	73459	273976	422476	100	29038	29138	119766	14348	0	1637	1637	38651	174402	757932	0	0	0	0	0	0	0	0	0	0	0	0	0	0	0	0	0	0	0	0	2882	2100	782	0	0	4552	0	4552	0	0	7434	4335	11305	4387	6711	7192	33930	6901	0	1863	8764	0	0	15000	0	15000	0	0	10000	10000	0	0	0	25000	2110164	0	0	0	0	0	0	2110164	96	93	0
011140 Országos és helyi nemzetiségi önkormányzatok igazgatási tevékenysége	0	0	0	0	0	0	0	0	0	0	0	0	0	0	0	0	0	0	0	0	0	0	0	0	0	0	0	0	0	0	0	0	0	0	0	0	0	0	0	0	0	0	0	0	0	0	0	0	0	0	0	0	0	0	0	0	0	0	0	0	0	0	0	0	0	0	0	0	0	0	0	0	11000	0	11000	0	0	0	0	0	0	0	11000	0	0	0	0	0	0	0	0	0	0	0	0	0	0	0	0	0	0	0	0	0	0	0	11000	0	0	0	0	0	0	11000	0	0	0
013350 Az önkormányzati vagyonnal való gazdálkodással kapcsolatos feladatok	0	0	0	514	0	0	0	0	0	0	0	0	837	1351	0	214	0	214	1565	394	394	0	0	0	0	0	563	2434	2997	3494	40	3534	37435	0	4204	4	524	0	1948	704501	748616	0	0	0	200687	15315	0	0	0	354472	570474	1325621	0	0	0	0	0	0	0	0	0	0	0	0	0	0	0	0	0	0	0	0	0	0	0	0	0	382107	0	0	14814	367293	382107	0	138040	0	0	37270	175310	60566	0	16353	76919	0	0	1235	1235	0	0	0	0	0	0	0	0	1235	1963151	0	0	0	0	0	0	1963151	0	0	0
013360 Más szerv részére végzett pénzügyi-gazdálkodási, üzemeltetési, egyéb szolgáltatások	113874	16287	1697	1294	0	503	5329	3900	924	0	0	550	3358	147716	0	229	215	444	148160	58302	38154	18156	0	865	215	912	140	4553	4693	306	761	1067	0	0	112	808	1694	1513	0	17373	19987	161	0	161	2666	8102	0	0	0	1857	12625	38533	0	0	0	0	0	0	0	0	0	0	0	0	0	0	0	0	0	0	0	13380	0	0	0	0	0	0	0	0	0	0	13380	45	0	1195	3731	500	5471	0	0	0	0	0	0	0	0	0	0	0	0	0	0	0	0	0	263846	0	0	0	0	0	0	263846	44	1	0
016010 Országgyűlési, önkormányzati és európai parlamenti képviselőválasztásokhoz kapcsolódó tevékenységek	0	0	19205	0	0	0	0	0	0	0	0	0	0	19205	0	22489	4015	26504	45709	13583	11428	0	0	1353	0	802	62	3268	3330	0	0	0	0	0	9	0	0	0	0	7607	7616	0	0	0	3340	0	0	0	0	0	3340	14286	0	0	0	0	0	0	0	0	0	0	0	0	0	0	0	0	0	0	0	0	0	0	0	0	0	0	0	0	0	0	0	0	0	0	246	66	312	0	0	0	0	0	0	0	0	0	0	0	0	0	0	0	0	0	73890	0	0	0	0	0	0	73890	0	0	0
016030 Állampolgársági ügyek	0	0	0	0	0	0	0	0	0	0	0	0	0	0	0	0	0	0	0	0	0	0	0	0	0	0	0	937	937	0	0	0	0	0	0	0	0	0	0	0	0	0	0	0	253	0	0	0	0	0	253	1190	0	0	0	0	0	0	0	0	0	0	0	0	0	0	0	0	0	0	0	0	0	0	0	0	0	0	0	0	0	0	0	0	0	0	0	0	0	0	0	0	0	0	0	0	0	0	0	0	0	0	0	0	0	0	1190	0	0	0	0	0	0	1190	0	0	0
016080 Kiemelt állami és önkormányzati rendezvények	0	0	0	0	0	0	0	0	0	0	0	0	0	0	0	979	10097	11076	11076	247	247	0	0	0	0	0	180	14	194	0	0	0	0	0	2540	0	0	0	300	9067	11907	0	36	36	5478	0	0	0	0	964	6442	18579	0	0	0	0	0	0	0	0	0	0	0	0	0	0	0	0	0	0	0	0	0	0	0	0	0	0	0	0	0	0	0	0	0	0	0	0	0	0	0	0	0	0	0	0	0	0	0	0	0	0	0	0	0	0	29902	0	0	0	0	0	0	29902	0	0	0
018010 Önkormányzatok elszámolásai a központi költségvetéssel	0	0	0	0	0	0	0	0	0	0	0	0	0	0	0	0	0	0	0	0	0	0	0	0	0	0	0	0	0	0	0	0	0	0	0	0	0	0	0	0	0	0	0	0	0	0	0	0	0	0	0	0	0	0	0	0	0	0	0	0	0	0	0	0	0	0	0	0	0	0	0	0	0	0	0	0	0	0	0	0	0	0	0	0	0	0	0	0	0	0	0	0	0	59880	59880	0	0	0	0	0	0	0	0	0	0	59880	59880	0	0	0	0	0	0	59880	0	0	0
018020 Központi költségvetési befizetések	0	0	0	0	0	0	0	0	0	0	0	0	0	0	0	0	0	0	0	0	0	0	0	0	0	0	0	0	0	0	0	0	0	0	0	0	0	0	0	0	0	0	0	0	0	0	0	0	0	2680	2680	2680	0	0	0	0	0	0	0	0	0	0	0	0	0	0	0	0	0	0	0	33877	0	0	0	0	0	0	0	0	0	0	33877	0	0	0	0	0	0	0	0	0	0	0	0	0	0	0	0	0	0	0	0	0	0	0	36557	0	0	0	0	0	0	36557	0	0	0
018030 Támogatási célú finanszírozási műveletek	1126	0	0	0	0	0	0	0	0	0	0	0	0	1126	0	0	0	0	1126	0	0	0	0	0	0	0	0	0	0	0	0	0	0	0	0	0	0	0	0	7	7	0	0	0	0	0	0	0	0	0	0	7	0	0	0	0	0	0	0	0	0	0	0	0	0	0	0	0	0	0	0	115866	0	0	0	0	0	0	0	0	0	0	115866	0	0	0	0	0	0	0	0	0	0	0	0	0	0	0	0	0	0	0	0	0	0	0	116999	0	0	0	8742298	8742298	8742298	8859297	0	0	0
022010 Polgári honvédelem ágazati feladatai, a lakosság felkészítése	0	0	0	0	0	0	0	0	0	0	0	0	0	0	0	970	0	970	970	227	227	0	0	0	0	0	420	0	420	0	0	0	0	0	0	0	0	0	0	151	151	0	0	0	154	0	0	0	0	0	154	725	0	0	0	0	0	0	0	0	0	0	0	0	0	0	0	0	0	0	0	0	0	0	0	0	0	0	0	0	0	0	0	0	0	0	0	0	0	0	0	0	0	0	0	0	0	0	0	0	0	0	0	0	0	0	1922	0	0	0	0	0	0	1922	0	0	0
031030 Közterület rendjének fenntartása	85738	8239	0	6769	0	0	6026	0	770	916	0	0	2393	110851	0	4355	45	4400	115251	32558	29187	1374	0	936	19	1042	625	18923	19548	2221	647	2868	894	0	16026	1617	0	0	10045	52800	81382	0	286	286	27197	0	0	0	0	6067	33264	137348	0	0	0	0	0	0	0	0	0	0	0	0	0	0	0	0	0	0	0	0	0	0	0	0	0	0	0	0	0	0	0	0	0	8999	27884	9472	46355	0	0	0	0	0	0	0	0	0	0	0	0	0	0	0	0	0	331512	0	0	0	0	0	0	331512	34	1	0
031060 Bűnmegelőzés	0	0	1801	0	0	0	0	0	0	0	0	0	0	1801	0	9200	0	9200	11001	2722	2722	0	0	0	0	0	0	0	0	0	129	129	0	0	967	0	0	0	11636	1196	13799	0	6700	6700	4199	0	0	0	0	2422	6621	27249	0	0	0	0	0	0	0	0	0	0	0	0	0	0	0	0	0	0	0	0	25000	25000	0	0	0	129700	0	3750	0	125950	154700	0	0	0	480	130	610	0	0	0	0	0	0	0	0	0	0	0	68124	0	1750	0	66374	68124	264406	0	0	0	0	0	0	264406	0	0	0
032010 Tűz- és katasztrófavédelem igazgatása	0	0	0	0	0	0	0	0	0	0	0	0	0	0	0	0	0	0	0	0	0	0	0	0	0	0	0	0	0	0	0	0	0	0	0	0	0	0	0	0	0	0	0	0	0	0	0	0	0	0	0	0	0	0	0	0	0	0	0	0	0	0	0	0	0	0	0	0	0	0	0	0	0	0	0	0	0	3750	0	3750	0	0	3750	0	0	0	0	0	0	0	0	0	0	0	0	0	0	0	0	0	1750	0	1750	0	0	1750	5500	0	0	0	0	0	0	5500	0	0	0
036020 Jogi segítségnyújtás, áldozatsegítés, kárenyhítés, kárpótlás	0	0	0	0	0	0	0	0	0	0	0	0	0	0	0	0	0	0	0	0	0	0	0	0	0	0	0	0	0	0	0	0	0	0	0	0	0	0	0	0	0	0	0	0	0	0	0	0	0	17547	17547	17547	0	0	0	0	0	0	0	0	0	0	0	0	0	0	0	0	0	0	0	0	0	0	0	0	0	0	0	0	0	0	0	0	0	0	0	0	0	0	0	0	0	0	0	0	0	0	0	0	0	0	0	0	0	0	17547	0	0	0	0	0	0	17547	0	0	0
041231 Rövid időtartamú közfoglalkoztatás	0	0	0	0	0	0	0	0	0	0	0	0	0	0	0	0	0	0	0	0	0	0	0	0	0	0	0	0	0	0	0	0	0	0	0	0	0	0	0	0	0	0	0	0	0	0	0	0	0	0	0	0	0	0	0	0	0	0	0	0	0	0	0	0	0	0	0	0	0	0	0	0	0	0	0	0	0	25000	0	0	0	25000	25000	0	0	0	0	0	0	0	0	0	0	0	0	0	0	0	0	0	0	0	0	0	0	0	25000	0	0	0	0	0	0	25000	0	0	0
041233 Hosszabb időtartamú közfoglalkoztatás	44964	0	0	0	0	0	0	0	0	0	0	0	724	45688	0	0	0	0	45688	6404	6293	0	0	0	111	0	0	411	411	0	0	0	0	0	0	0	0	0	0	7	7	0	0	0	104	0	0	0	0	0	104	522	0	0	0	0	0	0	0	0	0	0	0	0	0	0	0	0	0	0	0	0	0	0	0	0	0	52123	0	0	0	52123	52123	0	0	584	0	158	742	0	0	0	0	0	0	0	0	0	0	0	0	0	0	0	0	0	105479	0	0	0	0	0	0	105479	0	0	0
041237 Közfoglalkoztatási mintaprogram	605	0	15	6	0	6	22	0	3	1	0	2	21	681	0	36	2	38	719	198	180	0	9	2	1	6	50	34	84	0	0	0	0	0	0	1	0	0	0	0	1	0	0	0	15	0	0	0	0	1	16	101	0	0	0	0	0	0	0	0	0	0	0	0	0	0	0	0	0	0	0	0	0	0	0	0	0	0	0	0	0	0	0	0	0	0	0	0	0	3	0	1	4	0	0	0	0	0	0	0	0	0	0	0	0	0	1022	0	0	0	0	0	0	1022	0	1	0
042180 Állat-egészségügy	0	0	0	0	0	0	0	0	0	0	0	0	0	0	0	105	0	105	105	25	25	0	0	0	0	0	0	0	0	0	0	0	0	0	0	0	0	0	0	719	719	0	0	0	194	0	0	0	0	0	194	913	0	0	0	0	0	0	0	0	0	0	0	0	0	0	0	0	0	0	0	0	0	0	0	0	0	0	0	0	0	0	0	0	0	0	0	0	0	0	0	0	0	0	0	0	0	0	0	0	0	0	0	0	0	0	1043	0	0	0	0	0	0	1043	0	0	0
045120 Út, autópálya építése	0	0	0	0	0	0	0	0	0	0	0	0	0	0	0	0	0	0	0	0	0	0	0	0	0	0	0	0	0	0	0	0	0	0	0	0	0	0	1723	288989	290712	0	0	0	78385	9914	0	0	0	0	88299	379011	0	0	0	0	0	0	0	0	0	0	0	0	0	0	0	0	0	0	0	0	0	0	0	0	0	0	0	0	0	0	0	0	125408	0	0	23055	148463	0	0	0	0	0	0	0	0	0	0	0	0	0	0	0	0	0	527474	0	0	0	0	0	0	527474	0	0	0
045160 Közutak, hidak, alagutak üzemeltetése, fenntartása	0	0	0	0	0	0	0	0	0	0	0	0	0	0	0	0	0	0	0	0	0	0	0	0	0	0	0	0	0	0	0	0	0	0	0	0	0	0	0	16200	16200	0	0	0	4374	0	0	0	0	0	4374	20574	0	0	0	0	0	0	0	0	0	0	0	0	0	0	0	0	0	0	0	0	0	0	0	0	0	0	0	0	0	0	0	0	0	0	0	0	0	0	0	0	0	0	0	0	0	0	0	0	0	0	0	0	0	0	20574	0	0	0	0	0	0	20574	0	0	0
046040 Hírügynökségi, információs szolgáltatás	0	0	0	0	0	0	0	0	0	0	0	0	0	0	0	0	0	0	0	0	0	0	0	0	0	0	0	0	0	0	0	0	0	0	0	0	0	0	0	0	0	0	2010	2010	543	0	0	0	0	0	543	2553	0	0	0	0	0	0	0	0	0	0	0	0	0	0	0	0	0	0	0	0	0	0	0	0	0	0	0	0	0	0	0	0	0	0	0	0	0	0	0	0	0	0	0	0	0	0	0	0	0	0	0	0	0	0	2553	0	0	0	0	0	0	2553	0	0	0
061030 Lakáshoz jutást segítő támogatások	0	0	0	0	0	0	0	0	0	0	0	0	0	0	0	0	0	0	0	0	0	0	0	0	0	0	0	0	0	0	0	0	0	0	0	0	0	0	0	0	0	0	0	0	0	0	0	0	0	0	0	0	0	0	0	0	0	0	0	0	0	0	0	0	0	0	0	0	0	0	0	0	0	0	0	0	0	0	0	0	0	0	0	0	0	0	0	0	0	0	0	0	0	0	0	0	0	0	3200	3200	2831	0	0	2831	0	6031	6031	0	0	0	0	0	0	6031	0	0	0
064010 Közvilágítás	0	0	0	0	0	0	0	0	0	0	0	0	0	0	0	0	0	0	0	0	0	0	0	0	0	0	0	0	0	0	0	0	0	0	0	0	0	0	0	0	0	0	0	0	0	3370	0	0	0	0	3370	3370	0	0	0	0	0	0	0	0	0	0	0	0	0	0	0	0	0	0	0	0	0	0	0	0	0	0	0	0	0	0	0	0	48929	0	0	9841	58770	0	0	0	0	0	0	0	0	0	0	0	0	0	0	0	0	0	62140	0	0	0	0	0	0	62140	0	0	0
066010 Zöldterület-kezelés	0	0	0	0	0	0	0	0	0	0	0	0	0	0	0	0	0	0	0	0	0	0	0	0	0	0	0	0	0	0	0	0	0	0	0	0	0	0	0	549030	549030	0	0	0	148238	504	0	0	0	0	148742	697772	0	0	0	0	0	0	0	0	0	0	0	0	0	0	0	0	0	0	0	0	0	0	0	0	0	0	0	0	0	0	0	0	14992	0	250	3611	18853	0	0	0	0	0	0	0	0	0	0	0	0	0	0	0	0	0	716625	0	0	0	0	0	0	716625	0	0	0
066020 Város-, községgazdálkodási egyéb szolgáltatások	0	0	0	0	0	0	0	0	0	0	0	0	0	0	0	2670	0	2670	2670	649	649	0	0	0	0	0	0	8705	8705	0	0	0	0	0	0	0	0	0	34696	156127	190823	0	0	0	53189	42215	0	0	0	0	95404	294932	0	0	0	0	0	0	0	0	0	0	0	0	0	0	0	0	0	0	0	0	0	0	0	0	0	187147	0	3500	0	183647	187147	0	224508	0	0	11299	235807	165590	0	44709	210299	0	0	0	0	0	0	0	0	0	0	0	0	0	931504	0	0	0	0	0	0	931504	0	0	0
072111 Háziorvosi alapellátás	13365	5	340	138	0	122	474	0	78	13	0	48	466	15049	0	806	38	844	15893	4378	3980	0	197	43	24	134	1105	131	1236	1163	1842	3005	14854	0	53	1009	599	0	390	5588	22493	0	0	0	5933	10	0	0	0	594	6537	33271	0	0	0	0	0	0	0	0	0	0	0	0	0	0	0	0	0	0	0	0	0	0	0	0	0	0	0	0	0	0	0	0	0	0	0	0	0	73	0	20	93	0	0	0	0	0	0	0	0	0	0	0	0	0	53635	0	0	0	0	0	0	53635	0	12	0
072112 Háziorvosi ügyeleti ellátás	0	0	0	0	0	0	0	0	0	0	0	0	0	0	0	0	0	0	0	0	0	0	0	0	0	0	0	0	0	0	67	67	267	0	1	2	0	0	72138	109	72517	0	0	0	452	0	0	0	0	0	452	73036	0	0	0	0	0	0	0	0	0	0	0	0	0	0	0	0	0	0	0	0	0	0	0	0	0	0	0	0	0	0	0	0	0	0	0	0	0	0	0	0	0	0	0	0	0	0	0	0	0	0	0	0	0	0	73036	0	0	0	0	0	0	73036	0	0	0
072210 Járóbetegek gyógyító szakellátása	545106	24955	8611	4979	0	19121	22916	0	3236	1082	0	2784	16990	649780	0	37896	1130	39026	688806	203878	173235	14949	6413	2906	925	5450	82022	8502	90524	16503	4421	20924	38243	0	1055	10058	15438	0	37468	33336	135598	28	0	28	42001	2193	3	0	0	13720	57917	304991	0	0	0	0	0	0	0	0	0	0	0	0	0	0	0	0	0	0	0	0	0	0	0	0	0	0	0	0	0	0	0	0	0	1959	18735	5587	26281	6148	2800	2416	11364	0	0	0	0	0	0	0	0	0	0	0	0	0	1235320	0	0	0	0	0	0	1235320	151	42	0
072230 Járóbetegek gyógyító gondozása	31810	12	811	328	0	291	1127	0	186	31	0	115	1108	35819	0	1918	90	2008	37827	10419	9473	0	467	103	58	318	2631	89	2720	521	32	553	1076	0	0	38	1087	0	13	1120	3334	0	0	0	1532	24	0	0	0	40	1596	8203	0	0	0	0	0	0	0	0	0	0	0	0	0	0	0	0	0	0	0	0	0	0	0	0	0	0	0	0	0	0	0	0	0	0	0	0	0	173	0	47	220	0	0	0	0	0	0	0	0	0	0	0	0	0	56669	0	0	0	0	0	0	56669	13	0	0
072311 Fogorvosi alapellátás	181	0	5	2	0	2	6	0	1	0	0	1	6	204	0	10	1	11	215	60	54	0	3	1	0	2	15	14	29	0	69	69	3478	0	0	37	0	0	0	2710	6225	0	0	0	1558	0	0	0	0	23	1581	7904	0	0	0	0	0	0	0	0	0	0	0	0	0	0	0	0	0	0	0	0	0	0	0	0	0	0	0	0	0	0	0	0	0	0	0	0	0	1	0	0	1	0	0	0	0	0	0	0	0	0	0	0	0	0	8180	0	0	0	0	0	0	8180	0	0	0
072313 Fogorvosi szakellátás	26065	10	664	269	0	239	923	0	152	25	0	94	908	29349	0	1571	74	1645	30994	8537	7762	0	383	84	47	261	2343	100	2443	494	161	655	612	0	81	477	0	0	36	2204	3410	0	0	0	816	19	0	0	0	46	881	7389	0	0	0	0	0	0	0	0	0	0	0	0	0	0	0	0	0	0	0	0	0	0	0	0	0	0	0	0	0	0	0	0	0	0	57	15	72	142	0	38	180	0	0	0	0	0	0	0	0	0	0	0	0	0	47172	0	0	0	0	0	0	47172	12	1	0
072410 Otthoni (egészségügyi) szakápolás	1512	1	39	15	0	14	54	0	9	1	0	5	53	1703	0	91	4	95	1798	495	450	0	22	5	3	15	125	5	130	71	39	110	79	0	0	26	0	0	3797	66	3968	0	0	0	113	1	0	0	0	92	206	4414	0	0	0	0	0	0	0	0	0	0	0	0	0	0	0	0	0	0	0	0	0	0	0	0	0	0	0	0	0	0	0	0	0	0	2	1	3	8	0	2	10	0	0	0	0	0	0	0	0	0	0	0	0	0	6720	0	0	0	0	0	0	6720	1	0	0
072420 Egészségügyi laboratóriumi szolgáltatások	56484	21	1439	583	0	517	2000	0	330	114	0	204	1968	63660	0	3405	161	3566	67226	18500	16820	0	830	182	103	565	4760	895	5655	2704	35	2739	2696	0	0	752	0	0	26173	3034	32655	0	0	0	3026	42	0	0	0	70	3138	44187	0	0	0	0	0	0	0	0	0	0	0	0	0	0	0	0	0	0	0	0	0	0	0	0	0	0	0	0	0	0	0	0	0	0	1071	289	1360	307	0	83	390	0	0	0	0	0	0	0	0	0	0	0	0	0	131663	0	0	0	0	0	0	131663	17	0	0
072430 Képalkotó diagnosztikai szolgáltatások	35136	14	895	363	0	322	1244	0	206	124	0	126	1224	39654	0	2118	100	2218	41872	11508	10463	0	516	113	64	352	3133	241	3374	4316	83	4399	3608	0	0	5582	0	0	14680	3086	26956	0	0	0	4643	26	0	0	0	43	4712	39441	0	0	0	0	0	0	0	0	0	0	0	0	0	0	0	0	0	0	0	0	0	0	0	0	0	0	0	0	0	0	0	0	0	780	12028	3458	16266	191	565	204	960	0	0	0	0	0	0	0	0	0	0	0	0	0	110047	0	0	0	0	0	0	110047	18	0	0
074011 Foglalkozás-egészségügyi alapellátás	5745	2	147	59	0	53	203	0	34	5	0	21	200	6469	0	347	16	363	6832	1881	1711	0	84	19	10	57	653	27	680	299	14	313	574	0	0	8	0	0	16	533	1131	0	0	0	496	4	0	0	0	298	798	2922	0	0	0	0	0	0	0	0	0	0	0	0	0	0	0	0	0	0	0	0	0	0	0	0	0	0	0	0	0	0	0	0	0	0	14	4	18	31	0	8	39	0	0	0	0	0	0	0	0	0	0	0	0	0	11692	0	0	0	0	0	0	11692	3	0	0
074031 Család és nővédelmi egészségügyi gondozás	84661	32	2160	875	0	777	3002	0	496	81	0	306	2954	95344	0	5111	241	5352	100696	27771	25248	0	1246	274	155	848	7012	847	7859	1321	1394	2715	3402	0	64	438	0	0	1	2344	6249	0	0	0	3858	63	0	0	0	4451	8372	25195	0	0	0	0	0	0	0	0	0	0	0	0	0	0	0	0	0	0	0	0	0	0	0	0	0	0	0	0	0	0	0	0	0	0	1319	356	1675	643	0	174	817	0	0	0	0	0	0	0	0	0	0	0	0	0	156154	0	0	0	0	0	0	156154	44	1	0
074032 Ifjúság-egészségügyi gondozás	11128	4	284	115	0	101	394	0	65	11	0	40	388	12530	0	671	32	703	13233	3645	3314	0	164	36	20	111	920	31	951	0	0	0	0	0	0	11	0	0	5865	55	5931	0	0	0	205	8	0	0	0	375	588	7470	0	0	0	0	0	0	0	0	0	0	0	0	0	0	0	0	0	0	0	0	0	0	0	0	0	0	0	0	0	0	0	0	0	0	0	0	0	60	0	16	76	0	0	0	0	0	0	0	0	0	0	0	0	0	24424	0	0	0	0	0	0	24424	0	0	0
081022 Sportteljesítmények elismerése, járadékok, ösztöndíjak	0	0	0	0	0	0	0	0	0	0	0	0	0	0	0	0	1680	1680	1680	0	0	0	0	0	0	0	0	0	0	0	0	0	0	0	0	0	0	0	0	0	0	0	0	0	0	0	0	0	0	0	0	0	0	0	0	0	0	0	0	0	0	0	0	0	0	0	0	0	0	0	0	0	0	0	0	0	0	0	0	0	0	0	0	0	0	0	0	0	0	0	0	0	0	0	0	0	0	0	0	0	0	0	0	0	0	0	1680	0	0	0	0	0	0	1680	0	0	0
081030 Sportlétesítmények, edzőtáborok működtetése és fejlesztése	0	0	0	0	0	0	0	0	0	0	0	0	0	0	0	0	0	0	0	0	0	0	0	0	0	0	0	0	0	0	0	0	0	0	0	0	0	0	0	2000	2000	0	234	234	603	0	0	0	0	0	603	2837	0	0	0	0	0	0	0	0	0	0	0	0	0	0	0	0	0	0	0	0	0	0	0	0	0	92894	0	0	0	92894	92894	0	41981	0	1181	11654	54816	51346	0	13864	65210	0	0	0	0	0	0	0	335170	0	335170	0	0	335170	550927	0	0	0	0	0	0	550927	0	0	0
081043 Iskolai, diáksport-tevékenység és támogatása	0	0	0	0	0	0	0	0	0	0	0	0	0	0	0	0	0	0	0	0	0	0	0	0	0	0	0	0	0	0	0	0	0	0	0	0	0	0	15292	4488	19780	0	0	0	5340	0	0	0	0	0	5340	25120	0	0	0	0	0	0	0	0	0	0	0	0	0	0	0	0	0	0	0	0	0	0	0	0	0	0	0	0	0	0	0	0	0	0	0	0	0	0	0	0	0	0	0	0	0	0	0	0	0	0	0	0	0	0	25120	0	0	0	0	0	0	25120	0	0	0
081045 Szabadidősport- (rekreációs sport-) tevékenység és támogatása	0	0	0	0	0	0	0	0	0	0	0	0	0	0	0	0	1288	1288	1288	0	0	0	0	0	0	0	63	202	265	0	0	0	0	0	0	0	0	0	40180	120	40300	0	0	0	11073	0	0	0	0	0	11073	51638	0	0	0	0	0	0	0	0	0	0	0	0	0	0	0	0	0	0	0	0	0	0	0	0	0	0	0	0	0	0	0	0	0	0	0	0	0	0	0	0	0	0	0	0	0	0	0	0	0	0	0	0	0	0	52926	0	0	0	0	0	0	52926	0	0	0
081071 Üdülői szálláshely-szolgáltatás és étkeztetés	9316	1001	0	0	0	0	2101	0	28	0	0	0	176	12622	0	5670	0	5670	18292	4706	3866	0	0	442	0	398	44	9430	9474	120	194	314	3570	0	0	3617	0	0	89	5815	13091	0	0	0	5690	1938	0	0	0	252	7880	30759	0	0	0	0	0	0	0	0	0	0	0	1321	0	0	0	0	0	0	1321	348	0	0	0	0	0	0	0	0	0	0	348	0	0	0	0	0	0	0	0	0	0	0	0	0	0	0	0	0	0	0	0	0	0	0	55426	0	0	0	0	0	0	55426	5	1	0
082030 Művészeti tevékenységek (kivéve: színház)	419	0	0	4	0	0	13	0	0	0	0	0	31	467	0	294	63	357	824	230	194	0	0	22	0	14	0	0	0	33	0	33	-212	0	0	0	0	0	0	322	110	0	0	0	-48	0	0	0	0	0	-48	95	0	0	0	0	0	0	0	0	0	0	0	0	0	0	0	0	0	0	0	0	0	0	0	0	0	160996	0	0	0	160996	160996	0	0	0	0	0	0	0	0	0	0	0	0	0	0	0	0	0	0	0	0	0	0	0	162145	0	0	0	0	0	0	162145	0	0	0
082092 Közművelődés - hagyományos közösségi kulturális értékek gondozása	0	0	479	0	0	0	0	0	0	0	0	0	0	479	0	2276	250	2526	3005	130	130	0	0	0	0	0	530	0	530	0	0	0	0	0	0	0	0	0	32328	299	32627	0	0	0	8996	0	0	0	0	0	8996	42153	0	0	0	0	0	0	0	0	0	0	0	0	0	0	0	0	0	0	0	0	0	0	0	0	0	149448	0	0	0	149448	149448	0	0	0	11397	3077	14474	0	0	0	0	0	0	0	0	0	0	0	6580	0	0	0	6580	6580	215790	0	0	0	0	0	0	215790	0	0	0
083030 Egyéb kiadói tevékenység	0	0	0	0	0	0	0	0	0	0	0	0	0	0	0	0	0	0	0	0	0	0	0	0	0	0	0	0	0	0	0	0	0	0	0	0	0	0	145731	0	145731	0	2036	2036	39897	0	0	0	0	0	39897	187664	0	0	0	0	0	0	0	0	0	0	0	0	0	0	0	0	0	0	0	0	0	0	0	0	0	0	0	0	0	0	0	0	0	0	0	0	0	0	0	0	0	0	0	0	0	0	0	0	0	0	0	0	0	0	187664	0	0	0	0	0	0	187664	0	0	0
084031 Civil szervezetek működési támogatása	0	0	0	0	0	0	0	0	0	0	0	0	0	0	0	0	0	0	0	0	0	0	0	0	0	0	0	0	0	0	0	0	0	0	0	0	0	0	0	0	0	0	0	0	0	0	0	0	0	0	0	0	0	0	0	0	0	0	0	0	0	0	0	0	0	0	0	0	0	0	0	0	0	0	0	0	0	30324	0	30324	0	0	30324	0	0	0	0	0	0	0	0	0	0	0	0	0	0	0	0	0	3716	0	3716	0	0	3716	34040	0	0	0	0	0	0	34040	0	0	0
084032 Civil szervezetek programtámogatása	0	0	0	0	0	0	0	0	0	0	0	0	0	0	0	0	0	0	0	0	0	0	0	0	0	0	0	0	0	0	0	0	0	0	0	0	0	0	0	0	0	0	0	0	0	0	0	0	0	0	0	0	0	0	0	0	0	0	0	0	0	0	0	0	0	0	0	0	0	0	0	0	0	0	0	12000	12000	12000	0	12000	0	0	24000	0	0	0	0	0	0	0	0	0	0	0	0	0	0	0	0	0	7874	0	7874	0	0	7874	31874	0	0	0	0	0	0	31874	0	0	0
084040 Egyházak közösségi és hitéleti tevékenységének támogatása	0	0	0	0	0	0	0	0	0	0	0	0	0	0	0	0	0	0	0	0	0	0	0	0	0	0	0	0	0	0	0	0	0	0	0	0	0	0	0	0	0	0	0	0	0	0	0	0	0	0	0	0	0	0	0	0	0	0	0	0	0	0	0	0	0	0	0	0	0	0	0	0	0	0	0	0	0	10000	10000	0	0	0	10000	0	0	0	0	0	0	0	0	0	0	0	0	0	0	0	0	0	26350	26350	0	0	0	26350	36350	0	0	0	0	0	0	36350	0	0	0
086030 Nemzetközi kulturális együttműködés	0	0	0	0	0	0	0	0	0	0	0	0	0	0	0	0	3182	3182	3182	0	0	0	0	0	0	0	55	108	163	0	0	0	0	0	0	0	0	0	0	989	989	48	0	48	712	0	0	0	0	33	745	1945	0	0	0	0	0	0	0	0	0	0	0	0	0	0	0	0	0	0	0	0	0	0	0	0	0	0	0	0	0	0	0	0	0	0	0	0	0	0	0	0	0	0	0	0	0	0	0	0	0	0	0	0	0	0	5127	0	0	0	0	0	0	5127	0	0	0
086090 Mindenféle egyéb szabadidős szolgáltatás	0	0	0	0	0	0	178	0	0	0	0	0	0	178	0	420	0	420	598	176	102	0	0	40	0	34	0	0	0	0	0	0	0	0	0	0	0	0	327	0	327	0	0	0	0	0	0	0	0	0	0	327	0	0	0	0	0	0	0	0	0	0	0	83	0	0	0	0	0	0	83	0	0	0	0	0	0	0	0	0	0	0	0	0	0	0	0	0	0	0	0	0	0	0	0	0	0	0	0	0	0	0	0	0	0	0	1184	0	0	0	0	0	0	1184	0	0	0
091110 Óvodai nevelés, ellátás szakmai feladatai	825483	87061	-20	1432	0	25798	35762	0	3927	0	0	990	39377	1019810	0	99	24101	24200	1044010	315326	299809	0	0	6687	1534	7296	28753	69	28822	0	0	0	0	0	0	0	0	0	148	148	296	1000	0	1000	7206	0	0	0	0	2749	9955	40073	0	0	0	0	0	0	0	0	0	0	0	774	0	0	0	0	0	0	774	12272	0	0	0	0	0	0	0	0	0	0	12272	0	1671	19	137	491	2318	0	0	0	0	0	0	0	0	0	0	0	0	0	0	0	0	0	1414773	0	0	0	0	0	0	1414773	327	0	3450
091120 Sajátos nevelési igényű gyermekek óvodai nevelésének, ellátásának szakmai feladatai	15402	1867	0	170	0	1492	910	0	438	0	0	49	1546	21874	0	0	889	889	22763	5914	5419	0	0	204	90	201	0	14	14	0	31	31	-12	0	0	0	0	0	0	0	-12	0	0	0	12	0	0	0	0	0	12	45	0	0	0	0	0	0	0	0	0	0	0	41	0	0	0	0	0	0	41	0	0	0	0	0	0	0	0	0	0	0	0	0	0	0	0	0	0	0	0	0	0	0	0	0	0	0	0	0	0	0	0	0	0	0	28763	0	0	0	0	0	0	28763	3	0	13
091130 Nemzetiségi óvodai nevelés, ellátás szakmai feladatai	17365	1745	0	0	0	0	709	0	20	0	0	0	353	20192	0	0	0	0	20192	5330	5082	0	0	116	0	132	0	0	0	0	0	0	0	0	0	0	0	0	0	0	0	0	0	0	0	0	0	0	0	0	0	0	0	0	0	0	0	0	0	0	0	0	0	0	0	0	0	0	0	0	0	0	0	0	0	0	0	0	0	0	0	0	0	0	0	0	0	0	0	0	0	0	0	0	0	0	0	0	0	0	0	0	0	0	0	0	25522	0	0	0	0	0	0	25522	2	0	95
091140 Óvodai nevelés, ellátás működtetési feladatai	541577	36315	6417	2080	236	1556	31916	0	2887	0	0	3615	35293	661892	0	0	1882	1882	663774	154663	124462	18804	0	5244	327	5826	12308	48921	61229	2115	3022	5137	126841	0	447	31801	23538	23522	5102	18825	206554	0	734	734	57415	108409	0	0	0	5741	171565	445219	0	0	0	0	0	0	0	0	0	0	0	394	0	0	0	0	0	0	394	0	0	0	0	0	0	0	0	0	0	0	0	155	452297	1899	17848	19814	492013	42648	0	11515	54163	0	0	0	0	0	0	0	0	0	0	0	0	0	1810226	0	0	0	0	0	0	1810226	0	266	0
091220 Köznevelési intézmény 1-4. évfolyamán tanulók nevelésével, oktatásával összefüggő működtetési feladatok	178906	17286	0	2097	0	1691	14184	0	1746	0	0	1284	14479	231673	0	230	1848	2078	233751	57606	51495	0	0	2525	1027	2559	-108	16572	16464	2628	3012	5640	142854	0	653	27472	2292	1155	2284	9522	185077	0	0	0	45771	0	0	0	0	2604	48375	255556	0	0	0	0	0	0	0	0	0	0	0	274	0	0	0	0	0	0	274	0	0	0	0	0	0	0	0	0	0	0	0	0	6845	163	1561	2313	10882	22312	0	6025	28337	0	0	0	0	0	0	0	0	0	0	0	0	0	586406	0	0	0	0	0	0	586406	9	84	0
091250 Alapfokú művészetoktatással összefüggő működtetési feladatok	28523	1881	0	256	0	0	1703	0	811	0	0	145	1572	34891	0	2368	919	3287	38178	9549	8671	0	0	361	152	365	291	1888	2179	74	461	535	19090	0	29	543	182	104	0	772	20616	0	0	0	6223	0	0	0	0	215	6438	29768	0	0	0	0	0	0	0	0	0	0	0	0	0	0	0	0	0	0	0	0	0	0	0	0	0	0	0	0	0	0	0	0	0	0	37	10	47	0	0	0	0	0	0	0	0	0	0	0	0	0	0	0	0	0	77542	0	0	0	0	0	0	77542	6	19	0
092120 Köznevelési intézmény 5-8. évfolyamán tanulók nevelésével, oktatásával összefüggő működtetési feladatok	85124	5964	0	1911	0	619	6810	0	1270	0	0	750	5184	107632	0	20	598	618	108250	27861	25425	0	0	1100	112	1224	1209	15139	16348	2043	2364	4407	135625	0	772	27413	137	97	2259	6827	173033	0	0	0	42742	0	0	0	0	444	43186	236974	0	0	0	0	0	0	0	0	0	0	0	1066	0	0	0	0	0	0	1066	0	0	0	0	0	0	0	0	0	0	0	0	0	6845	191	1468	2296	10800	22312	0	6024	28336	0	0	0	0	0	0	0	0	0	0	0	0	0	413287	0	0	0	0	0	0	413287	9	84	0
092260 Gimnázium és szakképző iskola tanulóinak közismereti és szakmai elméleti oktatásával összefüggő működtetési feladatok	51889	3757	0	502	0	633	4018	0	269	0	0	324	2568	63960	0	0	502	502	64462	16224	14526	0	0	774	178	746	374	5504	5878	380	1809	2189	54152	0	134	16058	442	77	686	4578	76050	0	0	0	20987	0	0	0	0	783	21770	105887	0	0	0	0	0	0	0	0	0	0	0	300	0	0	0	0	0	0	300	0	0	0	0	0	0	0	0	0	0	0	0	0	0	188	50	64	302	12163	0	3284	15447	0	0	0	0	0	0	0	0	0	0	0	0	0	202622	0	0	0	0	0	0	202622	4	24	0
092270 Szakképző iskolai tanulók szakmai gyakorlati oktatásával összefüggő működtetési feladatok	156	0	0	0	0	0	0	0	0	0	0	0	0	156	0	0	0	0	156	0	0	0	0	0	0	0	94	1478	1572	506	496	1002	11799	0	12	281	290	290	0	902	13284	0	0	0	2488	0	0	0	0	185	2673	18531	0	0	0	0	0	0	0	0	0	0	0	0	0	0	0	0	0	0	0	0	0	0	0	0	0	0	0	0	0	0	0	0	0	0	237	64	301	0	0	0	0	0	0	0	0	0	0	0	0	0	0	0	0	0	18988	0	0	0	0	0	0	18988	0	0	0
094260 Hallgatói és oktatói ösztöndíjak, egyéb juttatások	0	0	0	0	0	0	0	0	0	0	0	0	0	0	0	0	0	0	0	0	0	0	0	0	0	0	0	0	0	0	0	0	0	0	0	0	0	0	0	0	0	0	0	0	0	0	0	0	0	0	0	0	0	0	0	0	0	0	0	0	0	0	0	260	260	0	0	0	0	0	260	0	7721	7721	0	0	0	0	0	0	0	0	7721	0	0	0	0	0	0	0	0	0	0	0	0	0	0	0	0	0	0	0	0	0	0	0	7981	0	0	0	0	0	0	7981	0	0	0
096010 Óvodai intézményi étkeztetés	31938	2804	20	50	0	0	2707	0	337	0	0	593	3302	41751	0	102	0	102	41853	10796	9868	0	0	406	21	501	0	3030	3030	0	0	0	0	312769	0	230	0	0	0	249	313248	0	0	0	85367	0	0	0	0	0	85367	401645	0	0	0	0	0	0	0	0	0	0	0	0	0	0	0	0	0	0	0	0	0	0	0	0	0	0	0	0	0	0	0	0	0	0	531	143	674	0	0	0	0	0	0	0	0	0	0	0	0	0	0	0	0	0	454968	0	0	0	0	0	0	454968	0	23	0
096020 Iskolai intézményi étkeztetés	72219	6757	0	1028	0	469	6404	0	356	0	0	677	5972	93882	0	0	2491	2491	96373	24993	22572	0	0	1033	123	1265	0	6572	6572	0	13	13	30	586536	0	87	0	0	0	294	586947	0	0	0	160245	0	0	0	0	560	160805	754337	0	0	0	0	0	0	0	0	0	0	0	0	0	0	0	0	0	0	0	0	0	0	0	0	0	0	0	0	0	0	0	0	0	0	772	208	980	0	0	0	0	0	0	0	0	0	0	0	0	0	0	0	0	0	876683	0	0	0	0	0	0	876683	0	61	0
096030 Köznevelési intézményben tanulók lakhatásának biztosítása	0	0	0	0	0	0	0	0	0	0	0	0	0	0	0	0	0	0	0	0	0	0	0	0	0	0	0	10596	10596	24	0	24	1399	0	21	2	0	0	0	23	1445	0	0	0	3040	0	0	0	0	0	3040	15105	0	0	0	0	0	0	0	0	0	0	0	0	0	0	0	0	0	0	0	0	0	0	0	0	0	0	0	0	0	0	0	0	0	0	3	1	4	0	0	0	0	0	0	0	0	0	0	0	0	0	0	0	0	0	15109	0	0	0	0	0	0	15109	1	13	0
098022 Pedagógiai szakszolgáltató tevékenység működtetési feladatai	9680	576	0	0	0	0	816	0	221	0	0	60	359	11712	0	0	0	0	11712	2982	2682	0	0	149	0	151	0	564	564	103	407	510	3553	0	10	275	22	22	0	212	4072	0	0	0	1318	0	0	0	0	460	1778	6924	0	0	0	0	0	0	0	0	0	0	0	0	0	0	0	0	0	0	0	0	0	0	0	0	0	0	0	0	0	0	0	0	0	434	101	144	679	0	0	0	0	0	0	0	0	0	0	0	0	0	0	0	0	0	22297	0	0	0	0	0	0	22297	4	2	0
098032 Pedagógiai szakmai szolgáltatások működtetési feladatai	0	0	0	0	0	0	0	0	0	0	0	0	0	0	0	0	0	0	0	0	0	0	0	0	0	0	0	47	47	0	55	55	0	0	0	0	0	0	0	0	0	0	0	0	28	0	0	0	0	0	28	130	0	0	0	0	0	0	0	0	0	0	0	228	0	0	0	0	0	0	228	0	0	0	0	0	0	0	0	0	0	0	0	0	0	140	0	38	178	0	0	0	0	0	0	0	0	0	0	0	0	0	0	0	0	0	536	0	0	0	0	0	0	536	0	0	0
101145 Szenvedélybetegek alacsonyküszöbű ellátása	0	0	0	0	0	0	0	0	0	0	0	0	0	0	0	0	0	0	0	0	0	0	0	0	0	0	0	0	0	0	0	0	0	0	0	0	0	0	0	0	0	0	0	0	0	0	0	0	0	0	0	0	0	0	0	0	0	0	0	0	0	0	0	0	0	0	0	0	0	0	0	0	0	0	0	0	0	2000	0	2000	0	0	2000	0	0	0	0	0	0	0	0	0	0	0	0	0	0	0	0	0	0	0	0	0	0	0	2000	0	0	0	0	0	0	2000	0	0	3884
101150 Betegséggel kapcsolatos pénzbeli ellátások, támogatások	0	0	0	0	0	0	0	0	0	0	0	0	0	0	0	0	0	0	0	0	0	0	0	0	0	0	0	0	0	0	0	0	0	0	0	0	0	0	0	0	0	0	0	0	0	0	0	0	0	0	0	0	0	0	0	0	49532	49532	0	0	0	0	0	0	0	0	0	0	0	0	49532	0	0	0	0	0	0	0	0	0	0	0	0	0	0	0	0	0	0	0	0	0	0	0	0	0	0	0	0	0	0	0	0	0	0	0	49532	0	0	0	0	0	0	49532	0	0	0
101221 Fogyatékossággal élők nappali ellátása	14144	1105	0	0	0	372	774	0	178	0	0	102	821	17496	0	588	0	588	18084	5036	4616	0	0	132	145	143	133	767	900	145	89	234	1408	0	48	1965	0	0	629	256	4306	0	0	0	1298	0	0	0	0	1012	2310	7750	0	0	0	0	0	0	0	0	0	0	0	100	0	0	0	0	0	0	100	0	0	0	0	0	0	0	0	0	0	0	0	0	0	41	6172	1678	7891	0	0	0	0	0	0	0	0	0	0	0	0	0	0	0	0	0	38861	0	0	0	0	0	0	38861	6	2	88
102030 Idősek, demens betegek nappali ellátása	32867	3445	0	0	0	697	2353	0	15	0	0	265	3945	43587	0	3698	899	4597	48184	12580	11692	0	0	404	40	444	354	2180	2534	134	193	327	7519	13	0	13847	55	0	1161	1019	23614	0	0	0	6926	0	0	0	0	622	7548	34023	0	0	0	0	0	0	0	0	0	0	0	1771	0	0	0	0	0	0	1771	0	0	0	0	0	0	0	0	0	0	0	0	0	0	280	374	177	831	0	0	0	0	0	0	0	0	0	0	0	0	0	0	0	0	0	97389	0	0	0	0	0	0	97389	13	9	300
102050 Az időskorúak társadalmi integrációját célzó programok	0	0	0	0	0	0	0	0	0	0	0	0	0	0	0	0	0	0	0	0	0	0	0	0	0	0	0	0	0	0	0	0	0	0	2835	0	0	0	41831	0	44666	399	0	399	11259	0	0	0	0	0	11259	56324	0	0	0	0	0	0	0	0	0	0	0	0	0	0	0	0	0	0	0	0	0	0	0	0	0	0	0	0	0	0	0	0	0	0	0	0	0	0	0	0	0	0	0	0	0	0	0	0	0	0	0	0	0	0	56324	0	0	0	0	0	0	56324	0	0	0
104012 Gyermekek átmeneti ellátása	0	0	0	0	0	0	0	0	0	0	0	0	0	0	0	0	0	0	0	0	0	0	0	0	0	0	0	0	0	0	0	0	0	0	0	0	0	0	0	0	0	0	0	0	0	0	0	0	0	0	0	0	0	0	0	0	0	0	0	0	0	0	0	0	0	0	0	0	0	0	0	0	0	0	0	0	0	11500	0	11500	0	0	11500	0	0	0	0	0	0	0	0	0	0	0	0	0	0	0	0	0	0	0	0	0	0	0	11500	0	0	0	0	0	0	11500	0	0	0
104030 Gyermekek napközbeni ellátása	490315	35327	0	529	1013	3794	41225	0	4659	0	0	3195	28330	608387	0	3246	5190	8436	616823	176681	145509	14950	0	7061	1498	7663	1903	96049	97952	3180	786	3966	67862	0	0	31364	10095	10084	7126	9462	125909	0	525	525	49212	11587	0	0	0	2384	63183	291535	0	0	0	0	0	0	0	0	0	0	0	0	0	0	0	0	0	0	0	8488	0	0	0	0	0	0	0	0	0	0	8488	0	27888	567	7493	9706	45654	14891	0	4020	18911	0	0	0	0	0	0	0	0	0	0	0	0	0	1158092	0	0	0	0	0	0	1158092	191	118	2537
104042 Gyermekjóléti szolgáltatások	49431	5171	0	0	0	0	2264	0	44	0	0	165	4920	61995	0	134	60	194	62189	17943	16803	0	0	447	195	498	510	2137	2647	172	691	863	0	7	37	2090	0	0	173	976	3283	0	0	0	2388	0	0	0	0	3269	5657	12450	0	0	0	0	0	0	0	0	0	0	0	1188	0	0	0	0	0	0	1188	0	0	0	0	0	0	0	0	0	0	0	0	0	0	0	259	70	329	0	0	0	0	0	0	0	0	0	0	0	0	0	0	0	0	0	94099	0	0	0	0	0	0	94099	27	1	0
104051 Gyermekvédelmi pénzbeli és természetbeni ellátások	0	0	0	0	0	0	0	0	0	0	0	0	0	0	0	0	0	0	0	0	0	0	0	0	0	0	0	0	0	0	0	0	0	0	0	0	0	0	0	0	0	0	0	0	0	0	0	0	0	0	0	0	16609	160	16449	0	0	0	0	0	0	0	0	0	0	0	0	0	0	0	16609	0	0	0	0	0	0	0	0	0	0	0	0	0	0	0	0	0	0	0	0	0	0	0	0	0	0	0	0	0	0	0	0	0	0	0	16609	0	0	0	0	0	0	16609	0	0	0
105010 Munkanélküli aktív korúak ellátásai	0	0	0	0	0	0	0	0	0	0	0	0	0	0	0	0	0	0	0	0	0	0	0	0	0	0	0	0	0	0	0	0	0	0	0	0	0	0	0	0	0	0	0	0	0	0	0	0	0	0	0	0	0	0	0	0	0	0	182921	182921	0	0	0	0	0	79756	79756	0	0	0	262677	0	0	0	0	0	0	0	0	0	0	0	0	0	0	0	0	0	0	0	0	0	0	0	0	0	0	0	0	0	0	0	0	0	0	0	262677	0	0	0	0	0	0	262677	0	0	0
106020 Lakásfenntartással, lakhatással összefüggő ellátások	0	0	0	0	0	0	0	0	0	0	0	0	0	0	0	0	0	0	0	0	0	0	0	0	0	0	0	0	0	0	0	0	0	0	0	0	0	0	0	0	0	0	0	0	0	0	0	0	0	0	0	0	0	0	0	0	0	0	0	0	55232	35798	19434	0	0	0	0	0	0	0	55232	0	0	0	0	0	0	0	0	0	0	0	0	0	0	0	0	0	0	0	0	0	0	0	0	0	0	0	0	0	0	0	0	0	0	0	55232	0	0	0	0	0	0	55232	0	0	0
107015 Hajléktalanok nappali ellátása	0	0	0	0	0	0	0	0	0	0	0	0	0	0	0	0	0	0	0	0	0	0	0	0	0	0	0	0	0	0	0	0	0	0	0	0	0	0	0	0	0	0	0	0	0	0	0	0	0	0	0	0	0	0	0	0	0	0	0	0	0	0	0	0	0	0	0	0	0	0	0	0	0	0	0	0	0	6000	0	6000	0	0	6000	0	0	0	0	0	0	0	0	0	0	0	0	0	0	0	0	0	0	0	0	0	0	0	6000	0	0	0	0	0	0	6000	0	0	150
107030 Szociális foglalkoztatás	9948	670	0	0	0	0	406	0	195	0	0	30	335	11584	0	0	11086	11086	22670	2629	2480	0	0	65	9	75	272	563	835	51	40	91	0	0	0	24	0	0	165	66	255	0	0	0	257	0	0	0	0	0	257	1438	0	0	0	0	0	0	0	0	0	0	0	0	0	0	0	0	0	0	0	0	0	0	0	0	0	0	0	0	0	0	0	0	0	0	67	18	85	0	0	0	0	0	0	0	0	0	0	0	0	0	0	0	0	0	26822	0	0	0	0	0	0	26822	4	0	35
107051 Szociális étkeztetés	17072	1900	0	0	0	0	1366	0	184	0	0	265	515	21302	0	819	0	819	22121	6033	5540	0	0	222	19	252	0	358	358	0	40	40	583	204541	0	107	0	0	41	5364	210636	0	0	0	56993	0	0	0	0	122	57115	268149	0	0	0	0	0	0	0	0	0	0	0	0	0	0	0	0	0	0	0	0	0	0	0	0	0	0	0	0	0	0	0	0	0	76	0	21	97	0	0	0	0	0	0	0	0	0	0	0	0	0	0	0	0	0	296400	0	0	0	0	0	0	296400	0	12	850
107052 Házi segítségnyújtás	77344	8650	0	0	0	482	5077	0	1069	0	0	278	5799	98699	0	32867	1141	34008	132707	38366	32189	4244	0	952	39	942	326	2635	2961	2555	1522	4077	1204	1510	9	1115	0	0	3405	1996	9239	0	202	202	4425	0	0	0	0	4766	9191	25670	0	0	0	0	0	0	0	0	0	0	0	11816	0	0	0	0	0	0	11816	1781	0	0	0	0	0	0	0	0	0	0	1781	0	0	298	836	306	1440	0	0	0	0	0	0	0	0	0	0	0	0	0	0	0	0	0	211780	0	0	0	0	0	0	211780	36	7	298
107053 Jelzőrendszeres házi segítségnyújtás	0	0	0	0	0	0	16	0	0	0	0	0	5220	5236	0	0	0	0	5236	1417	1409	0	0	5	0	3	2	28	30	0	50	50	0	0	0	85	2960	2960	0	342	3387	0	0	0	67	0	0	0	0	0	67	3534	0	0	0	0	0	0	0	0	0	0	0	0	0	0	0	0	0	0	0	0	0	0	0	0	0	0	0	0	0	0	0	0	0	0	1050	283	1333	0	0	0	0	0	0	0	0	0	0	0	0	0	0	0	0	0	11520	0	0	0	0	0	0	11520	0	0	396
107054 Családsegítés	49966	7578	0	0	0	1443	3478	0	291	0	0	618	7166	70540	0	49	763	812	71352	21216	17221	2580	0	576	264	575	100	2409	2509	278	690	968	4898	13	0	2282	53	0	1121	890	9257	0	0	0	2677	5	0	0	0	2767	5449	18183	0	0	0	0	0	0	0	0	0	0	0	6116	0	0	0	0	0	0	6116	290	0	0	0	0	0	0	0	0	0	0	290	0	0	24	429	122	575	0	0	0	0	0	0	0	0	0	0	0	0	0	0	0	0	0	117732	0	0	0	0	0	0	117732	23	3	7298
107060 Egyéb szociális pénzbeli és természetbeni ellátások, támogatások	0	0	0	0	0	0	0	0	0	0	0	0	0	0	0	0	0	0	0	0	0	0	0	0	0	0	0	0	0	0	0	0	0	0	0	0	0	0	0	0	0	0	0	0	0	0	0	0	0	0	0	0	0	0	0	34	0	0	0	0	0	0	0	0	0	143217	0	64873	69879	8465	143251	0	0	0	0	0	0	0	0	0	0	0	0	0	0	0	0	0	0	0	0	0	0	0	0	0	0	0	0	0	0	0	0	0	0	0	143251	0	0	0	0	0	0	143251	0	0	0
900060 Forgatási és befektetési célú finanszírozási műveletek	0	0	0	0	0	0	0	0	0	0	0	0	0	0	0	0	0	0	0	0	0	0	0	0	0	0	0	0	0	0	0	0	0	0	0	0	0	0	0	0	0	0	0	0	0	0	11479	0	0	886	12365	12365	0	0	0	0	0	0	0	0	0	0	0	0	0	0	0	0	0	0	0	0	0	0	0	0	0	0	0	0	0	0	0	0	0	0	0	0	0	0	0	0	0	0	0	0	0	0	0	0	0	0	0	0	0	0	12365	10318	10318	10318	0	10318	10318	22683	0	0	0
900080 Szabad kapacitás terhére végzett, nem haszonszerzési célú tevékenységek kiadásai és bevételei	4382	143	0	0	0	0	123	0	9	0	0	0	66	4723	0	0	0	0	4723	568	521	0	0	24	0	23	0	18821	18821	0	0	0	0	35865	0	0	0	0	0	0	35865	0	0	0	14734	0	0	0	0	0	14734	69420	0	0	0	0	0	0	0	0	0	0	0	0	0	0	0	0	0	0	0	0	0	0	0	0	0	0	0	0	0	0	0	0	0	0	0	0	0	0	0	0	0	0	0	0	0	0	0	0	0	0	0	0	0	0	74711	0	0	0	0	0	0	74711	0	0	0
